{
    "epoch": 1.0,
    "eval_entropy": 1.7607276114550503,
    "eval_loss": 4.678695201873779,
    "eval_mean_token_accuracy": 0.4838150820948861,
    "eval_num_tokens": 171316.0,
    "eval_runtime": 3610.5908,
    "eval_samples": 308,
    "eval_samples_per_second": 0.085,
    "eval_steps_per_second": 0.021
}